title,author,year
Book 0,Jennifer Smith,1900
Book 100,Jennifer Smith,1900
Book 200,Jennifer Smith,1900
Book 300,Jennifer Smith,1900
Book 400,Jennifer Smith,1900
Book 500,Jennifer Smith,1900
Book 600,Jennifer Smith,1900
Book 700,Jennifer Smith,1900
Book 800,Jennifer Smith,1900
Book 900,Jennifer Smith,1900
Book 1,Jennifer Smith,1901
Book 101,Jennifer Smith,1901
Book 201,Jennifer Smith,1901
Book 301,Jennifer Smith,1901
Book 401,Jennifer Smith,1901
Book 501,Jennifer Smith,1901
Book 601,Jennifer Smith,1901
Book 701,Jennifer Smith,1901
Book 801,Jennifer Smith,1901
Book 901,Jennifer Smith,1901
Create address impact statement accept.,Cheryl Carter,1901
Book 2,Jennifer Smith,1902
Book 102,Jennifer Smith,1902
Book 202,Jennifer Smith,1902
Book 302,Jennifer Smith,1902
Book 402,Jennifer Smith,1902
Book 502,Jennifer Smith,1902
Book 602,Jennifer Smith,1902
Book 702,Jennifer Smith,1902
Book 802,Jennifer Smith,1902
Book 902,Jennifer Smith,1902
Book 3,Jennifer Smith,1903
Book 103,Jennifer Smith,1903
Book 203,Jennifer Smith,1903
Book 303,Jennifer Smith,1903
Book 403,Jennifer Smith,1903
Book 503,Jennifer Smith,1903
Book 603,Jennifer Smith,1903
Book 703,Jennifer Smith,1903
Book 803,Jennifer Smith,1903
Book 903,Jennifer Smith,1903
Book 4,Jennifer Smith,1904
Book 104,Jennifer Smith,1904
Book 204,Jennifer Smith,1904
Book 304,Jennifer Smith,1904
Book 404,Jennifer Smith,1904
Book 504,Jennifer Smith,1904
Book 604,Jennifer Smith,1904
Book 704,Jennifer Smith,1904
Book 804,Jennifer Smith,1904
Book 904,Jennifer Smith,1904
Cup more indicate I quality.,Matthew Coleman,1904
Book 5,Jennifer Smith,1905
Book 105,Jennifer Smith,1905
Book 205,Jennifer Smith,1905
Book 305,Jennifer Smith,1905
Book 405,Jennifer Smith,1905
Book 505,Jennifer Smith,1905
Book 605,Jennifer Smith,1905
Book 705,Jennifer Smith,1905
Book 805,Jennifer Smith,1905
Book 905,Jennifer Smith,1905
Stop you people.,Donna Roberts,1905
Book 6,Jennifer Smith,1906
Book 106,Jennifer Smith,1906
Book 206,Jennifer Smith,1906
Book 306,Jennifer Smith,1906
Book 406,Jennifer Smith,1906
Book 506,Jennifer Smith,1906
Book 606,Jennifer Smith,1906
Book 706,Jennifer Smith,1906
Book 806,Jennifer Smith,1906
Book 906,Jennifer Smith,1906
Book 7,Jennifer Smith,1907
Book 107,Jennifer Smith,1907
Book 207,Jennifer Smith,1907
Book 307,Jennifer Smith,1907
Book 407,Jennifer Smith,1907
Book 507,Jennifer Smith,1907
Book 607,Jennifer Smith,1907
Book 707,Jennifer Smith,1907
Book 807,Jennifer Smith,1907
Book 907,Jennifer Smith,1907
Book 8,Jennifer Smith,1908
Book 108,Jennifer Smith,1908
Book 208,Jennifer Smith,1908
Book 308,Jennifer Smith,1908
Book 408,Jennifer Smith,1908
Book 508,Jennifer Smith,1908
Book 608,Jennifer Smith,1908
Book 708,Jennifer Smith,1908
Book 808,Jennifer Smith,1908
Book 908,Jennifer Smith,1908
Book 9,Jennifer Smith,1909
Book 109,Jennifer Smith,1909
Book 209,Jennifer Smith,1909
Book 309,Jennifer Smith,1909
Book 409,Jennifer Smith,1909
Book 509,Jennifer Smith,1909
Book 609,Jennifer Smith,1909
Book 709,Jennifer Smith,1909
Book 809,Jennifer Smith,1909
Book 909,Jennifer Smith,1909
Book 10,Jennifer Smith,1910
Book 110,Jennifer Smith,1910
Book 210,Jennifer Smith,1910
Book 310,Jennifer Smith,1910
Book 410,Jennifer Smith,1910
Book 510,Jennifer Smith,1910
Book 610,Jennifer Smith,1910
Book 710,Jennifer Smith,1910
Book 810,Jennifer Smith,1910
Book 910,Jennifer Smith,1910
Mother benefit cup next nothing oil.,Madison Ortiz,1910
Book 11,Jennifer Smith,1911
Book 111,Jennifer Smith,1911
Book 211,Jennifer Smith,1911
Book 311,Jennifer Smith,1911
Book 411,Jennifer Smith,1911
Book 511,Jennifer Smith,1911
Book 611,Jennifer Smith,1911
Book 711,Jennifer Smith,1911
Book 811,Jennifer Smith,1911
Book 911,Jennifer Smith,1911
Book 12,Jennifer Smith,1912
Book 112,Jennifer Smith,1912
Book 212,Jennifer Smith,1912
Book 312,Jennifer Smith,1912
Book 412,Jennifer Smith,1912
Book 512,Jennifer Smith,1912
Book 612,Jennifer Smith,1912
Book 712,Jennifer Smith,1912
Book 812,Jennifer Smith,1912
Book 912,Jennifer Smith,1912
Book 13,Jennifer Smith,1913
Book 113,Jennifer Smith,1913
Book 213,Jennifer Smith,1913
Book 313,Jennifer Smith,1913
Book 413,Jennifer Smith,1913
Book 513,Jennifer Smith,1913
Book 613,Jennifer Smith,1913
Book 713,Jennifer Smith,1913
Book 813,Jennifer Smith,1913
Book 913,Jennifer Smith,1913
Book 14,Jennifer Smith,1914
Book 114,Jennifer Smith,1914
Book 214,Jennifer Smith,1914
Book 314,Jennifer Smith,1914
Book 414,Jennifer Smith,1914
Book 514,Jennifer Smith,1914
Book 614,Jennifer Smith,1914
Book 714,Jennifer Smith,1914
Book 814,Jennifer Smith,1914
Book 914,Jennifer Smith,1914
Book 15,Jennifer Smith,1915
Book 115,Jennifer Smith,1915
Book 215,Jennifer Smith,1915
Book 315,Jennifer Smith,1915
Book 415,Jennifer Smith,1915
Book 515,Jennifer Smith,1915
Book 615,Jennifer Smith,1915
Book 715,Jennifer Smith,1915
Book 815,Jennifer Smith,1915
Book 915,Jennifer Smith,1915
Thing decision join land important travel behavior fall them.,David Donaldson,1915
Book 16,Jennifer Smith,1916
Book 116,Jennifer Smith,1916
Book 216,Jennifer Smith,1916
Book 316,Jennifer Smith,1916
Book 416,Jennifer Smith,1916
Book 516,Jennifer Smith,1916
Book 616,Jennifer Smith,1916
Book 716,Jennifer Smith,1916
Book 816,Jennifer Smith,1916
Book 916,Jennifer Smith,1916
Book 17,Jennifer Smith,1917
Book 117,Jennifer Smith,1917
Book 217,Jennifer Smith,1917
Book 317,Jennifer Smith,1917
Book 417,Jennifer Smith,1917
Book 517,Jennifer Smith,1917
Book 617,Jennifer Smith,1917
Book 717,Jennifer Smith,1917
Book 817,Jennifer Smith,1917
Book 917,Jennifer Smith,1917
Book 18,Jennifer Smith,1918
Book 118,Jennifer Smith,1918
Book 218,Jennifer Smith,1918
Book 318,Jennifer Smith,1918
Book 418,Jennifer Smith,1918
Book 518,Jennifer Smith,1918
Book 618,Jennifer Smith,1918
Book 718,Jennifer Smith,1918
Book 818,Jennifer Smith,1918
Book 918,Jennifer Smith,1918
Wall movie thus hour animal language lay race.,Tina Carter,1918
Book 19,Jennifer Smith,1919
Book 119,Jennifer Smith,1919
Book 219,Jennifer Smith,1919
Book 319,Jennifer Smith,1919
Book 419,Jennifer Smith,1919
Book 519,Jennifer Smith,1919
Book 619,Jennifer Smith,1919
Book 719,Jennifer Smith,1919
Book 819,Jennifer Smith,1919
Book 919,Jennifer Smith,1919
Book 20,Jennifer Smith,1920
Book 120,Jennifer Smith,1920
Book 220,Jennifer Smith,1920
Book 320,Jennifer Smith,1920
Book 420,Jennifer Smith,1920
Book 520,Jennifer Smith,1920
Book 620,Jennifer Smith,1920
Book 720,Jennifer Smith,1920
Book 820,Jennifer Smith,1920
Book 920,Jennifer Smith,1920
Book 21,Jennifer Smith,1921
Book 121,Jennifer Smith,1921
Book 221,Jennifer Smith,1921
Book 321,Jennifer Smith,1921
Book 421,Jennifer Smith,1921
Book 521,Jennifer Smith,1921
Book 621,Jennifer Smith,1921
Book 721,Jennifer Smith,1921
Book 821,Jennifer Smith,1921
Book 921,Jennifer Smith,1921
Book 22,Jennifer Smith,1922
Book 122,Jennifer Smith,1922
Book 222,Jennifer Smith,1922
Book 322,Jennifer Smith,1922
Book 422,Jennifer Smith,1922
Book 522,Jennifer Smith,1922
Book 622,Jennifer Smith,1922
Book 722,Jennifer Smith,1922
Book 822,Jennifer Smith,1922
Book 922,Jennifer Smith,1922
Book 23,Jennifer Smith,1923
Book 123,Jennifer Smith,1923
Book 223,Jennifer Smith,1923
Book 323,Jennifer Smith,1923
Book 423,Jennifer Smith,1923
Book 523,Jennifer Smith,1923
Book 623,Jennifer Smith,1923
Book 723,Jennifer Smith,1923
Book 823,Jennifer Smith,1923
Book 923,Jennifer Smith,1923
Book 24,Jennifer Smith,1924
Book 124,Jennifer Smith,1924
Book 224,Jennifer Smith,1924
Book 324,Jennifer Smith,1924
Book 424,Jennifer Smith,1924
Book 524,Jennifer Smith,1924
Book 624,Jennifer Smith,1924
Book 724,Jennifer Smith,1924
Book 824,Jennifer Smith,1924
Book 924,Jennifer Smith,1924
If social new one you.,Terry Jackson,1924
Book 25,Jennifer Smith,1925
Book 125,Jennifer Smith,1925
Book 225,Jennifer Smith,1925
Book 325,Jennifer Smith,1925
Book 425,Jennifer Smith,1925
Book 525,Jennifer Smith,1925
Book 625,Jennifer Smith,1925
Book 725,Jennifer Smith,1925
Book 825,Jennifer Smith,1925
Book 925,Jennifer Smith,1925
Sign station action world once.,Erik Griffin,1925
Book 26,Jennifer Smith,1926
Book 126,Jennifer Smith,1926
Book 226,Jennifer Smith,1926
Book 326,Jennifer Smith,1926
Book 426,Jennifer Smith,1926
Book 526,Jennifer Smith,1926
Book 626,Jennifer Smith,1926
Book 726,Jennifer Smith,1926
Book 826,Jennifer Smith,1926
Book 926,Jennifer Smith,1926
Book 27,Jennifer Smith,1927
Book 127,Jennifer Smith,1927
Book 227,Jennifer Smith,1927
Book 327,Jennifer Smith,1927
Book 427,Jennifer Smith,1927
Book 527,Jennifer Smith,1927
Book 627,Jennifer Smith,1927
Book 727,Jennifer Smith,1927
Book 827,Jennifer Smith,1927
Book 927,Jennifer Smith,1927
Book 28,Jennifer Smith,1928
Book 128,Jennifer Smith,1928
Book 228,Jennifer Smith,1928
Book 328,Jennifer Smith,1928
Book 428,Jennifer Smith,1928
Book 528,Jennifer Smith,1928
Book 628,Jennifer Smith,1928
Book 728,Jennifer Smith,1928
Book 828,Jennifer Smith,1928
Book 928,Jennifer Smith,1928
Book 29,Jennifer Smith,1929
Book 129,Jennifer Smith,1929
Book 229,Jennifer Smith,1929
Book 329,Jennifer Smith,1929
Book 429,Jennifer Smith,1929
Book 529,Jennifer Smith,1929
Book 629,Jennifer Smith,1929
Book 729,Jennifer Smith,1929
Book 829,Jennifer Smith,1929
Book 929,Jennifer Smith,1929
Book 30,Jennifer Smith,1930
Book 130,Jennifer Smith,1930
Book 230,Jennifer Smith,1930
Book 330,Jennifer Smith,1930
Book 430,Jennifer Smith,1930
Book 530,Jennifer Smith,1930
Book 630,Jennifer Smith,1930
Book 730,Jennifer Smith,1930
Book 830,Jennifer Smith,1930
Book 930,Jennifer Smith,1930
Reality outside who civil heavy page visit large.,Steven Bryan,1930
Book 31,Jennifer Smith,1931
Book 131,Jennifer Smith,1931
Book 231,Jennifer Smith,1931
Book 331,Jennifer Smith,1931
Book 431,Jennifer Smith,1931
Book 531,Jennifer Smith,1931
Book 631,Jennifer Smith,1931
Book 731,Jennifer Smith,1931
Book 831,Jennifer Smith,1931
Book 931,Jennifer Smith,1931
Book 32,Jennifer Smith,1932
Book 132,Jennifer Smith,1932
Book 232,Jennifer Smith,1932
Book 332,Jennifer Smith,1932
Book 432,Jennifer Smith,1932
Book 532,Jennifer Smith,1932
Book 632,Jennifer Smith,1932
Book 732,Jennifer Smith,1932
Book 832,Jennifer Smith,1932
Book 932,Jennifer Smith,1932
Book 33,Jennifer Smith,1933
Book 133,Jennifer Smith,1933
Book 233,Jennifer Smith,1933
Book 333,Jennifer Smith,1933
Book 433,Jennifer Smith,1933
Book 533,Jennifer Smith,1933
Book 633,Jennifer Smith,1933
Book 733,Jennifer Smith,1933
Book 833,Jennifer Smith,1933
Book 933,Jennifer Smith,1933
Book 34,Jennifer Smith,1934
Book 134,Jennifer Smith,1934
Book 234,Jennifer Smith,1934
Book 334,Jennifer Smith,1934
Book 434,Jennifer Smith,1934
Book 534,Jennifer Smith,1934
Book 634,Jennifer Smith,1934
Book 734,Jennifer Smith,1934
Book 834,Jennifer Smith,1934
Book 934,Jennifer Smith,1934
Book 35,Jennifer Smith,1935
Book 135,Jennifer Smith,1935
Book 235,Jennifer Smith,1935
Book 335,Jennifer Smith,1935
Book 435,Jennifer Smith,1935
Book 535,Jennifer Smith,1935
Book 635,Jennifer Smith,1935
Book 735,Jennifer Smith,1935
Book 835,Jennifer Smith,1935
Book 935,Jennifer Smith,1935
Book 36,Jennifer Smith,1936
Book 136,Jennifer Smith,1936
Book 236,Jennifer Smith,1936
Book 336,Jennifer Smith,1936
Book 436,Jennifer Smith,1936
Book 536,Jennifer Smith,1936
Book 636,Jennifer Smith,1936
Book 736,Jennifer Smith,1936
Book 836,Jennifer Smith,1936
Book 936,Jennifer Smith,1936
Book 37,Jennifer Smith,1937
Book 137,Jennifer Smith,1937
Book 237,Jennifer Smith,1937
Book 337,Jennifer Smith,1937
Book 437,Jennifer Smith,1937
Book 537,Jennifer Smith,1937
Book 637,Jennifer Smith,1937
Book 737,Jennifer Smith,1937
Book 837,Jennifer Smith,1937
Book 937,Jennifer Smith,1937
Gas smile bank like we.,Austin Brown,1937
Book 38,Jennifer Smith,1938
Book 138,Jennifer Smith,1938
Book 238,Jennifer Smith,1938
Book 338,Jennifer Smith,1938
Book 438,Jennifer Smith,1938
Book 538,Jennifer Smith,1938
Book 638,Jennifer Smith,1938
Book 738,Jennifer Smith,1938
Book 838,Jennifer Smith,1938
Book 938,Jennifer Smith,1938
Want year present result wait president.,David Sampson,1938
Book 39,Jennifer Smith,1939
Book 139,Jennifer Smith,1939
Book 239,Jennifer Smith,1939
Book 339,Jennifer Smith,1939
Book 439,Jennifer Smith,1939
Book 539,Jennifer Smith,1939
Book 639,Jennifer Smith,1939
Book 739,Jennifer Smith,1939
Book 839,Jennifer Smith,1939
Book 939,Jennifer Smith,1939
Book 40,Jennifer Smith,1940
Book 140,Jennifer Smith,1940
Book 240,Jennifer Smith,1940
Book 340,Jennifer Smith,1940
Book 440,Jennifer Smith,1940
Book 540,Jennifer Smith,1940
Book 640,Jennifer Smith,1940
Book 740,Jennifer Smith,1940
Book 840,Jennifer Smith,1940
Book 940,Jennifer Smith,1940
Course your gun.,Brenda Rogers,1940
Life material worry on.,John Fowler,1940
Book 41,Jennifer Smith,1941
Book 141,Jennifer Smith,1941
Book 241,Jennifer Smith,1941
Book 341,Jennifer Smith,1941
Book 441,Jennifer Smith,1941
Book 541,Jennifer Smith,1941
Book 641,Jennifer Smith,1941
Book 741,Jennifer Smith,1941
Book 841,Jennifer Smith,1941
Book 941,Jennifer Smith,1941
Book 42,Jennifer Smith,1942
Book 142,Jennifer Smith,1942
Book 242,Jennifer Smith,1942
Book 342,Jennifer Smith,1942
Book 442,Jennifer Smith,1942
Book 542,Jennifer Smith,1942
Book 642,Jennifer Smith,1942
Book 742,Jennifer Smith,1942
Book 842,Jennifer Smith,1942
Book 942,Jennifer Smith,1942
Book 43,Jennifer Smith,1943
Book 143,Jennifer Smith,1943
Book 243,Jennifer Smith,1943
Book 343,Jennifer Smith,1943
Book 443,Jennifer Smith,1943
Book 543,Jennifer Smith,1943
Book 643,Jennifer Smith,1943
Book 743,Jennifer Smith,1943
Book 843,Jennifer Smith,1943
Book 943,Jennifer Smith,1943
Book 44,Jennifer Smith,1944
Book 144,Jennifer Smith,1944
Book 244,Jennifer Smith,1944
Book 344,Jennifer Smith,1944
Book 444,Jennifer Smith,1944
Book 544,Jennifer Smith,1944
Book 644,Jennifer Smith,1944
Book 744,Jennifer Smith,1944
Book 844,Jennifer Smith,1944
Book 944,Jennifer Smith,1944
Book 45,Jennifer Smith,1945
Book 145,Jennifer Smith,1945
Book 245,Jennifer Smith,1945
Book 345,Jennifer Smith,1945
Book 445,Jennifer Smith,1945
Book 545,Jennifer Smith,1945
Book 645,Jennifer Smith,1945
Book 745,Jennifer Smith,1945
Book 845,Jennifer Smith,1945
Book 945,Jennifer Smith,1945
Book 46,Jennifer Smith,1946
Book 146,Jennifer Smith,1946
Book 246,Jennifer Smith,1946
Book 346,Jennifer Smith,1946
Book 446,Jennifer Smith,1946
Book 546,Jennifer Smith,1946
Book 646,Jennifer Smith,1946
Book 746,Jennifer Smith,1946
Book 846,Jennifer Smith,1946
Book 946,Jennifer Smith,1946
Sound anyone just there appear strategy either part situation.,Amber Pierce,1946
Book 47,Jennifer Smith,1947
Book 147,Jennifer Smith,1947
Book 247,Jennifer Smith,1947
Book 347,Jennifer Smith,1947
Book 447,Jennifer Smith,1947
Book 547,Jennifer Smith,1947
Book 647,Jennifer Smith,1947
Book 747,Jennifer Smith,1947
Book 847,Jennifer Smith,1947
Book 947,Jennifer Smith,1947
Book 48,Jennifer Smith,1948
Book 148,Jennifer Smith,1948
Book 248,Jennifer Smith,1948
Book 348,Jennifer Smith,1948
Book 448,Jennifer Smith,1948
Book 548,Jennifer Smith,1948
Book 648,Jennifer Smith,1948
Book 748,Jennifer Smith,1948
Book 848,Jennifer Smith,1948
Book 948,Jennifer Smith,1948
Book 49,Jennifer Smith,1949
Book 149,Jennifer Smith,1949
Book 249,Jennifer Smith,1949
Book 349,Jennifer Smith,1949
Book 449,Jennifer Smith,1949
Book 549,Jennifer Smith,1949
Book 649,Jennifer Smith,1949
Book 749,Jennifer Smith,1949
Book 849,Jennifer Smith,1949
Book 949,Jennifer Smith,1949
