title,author_name,published_on,birth_year
Temporary Foreign exactly.,Charles Moore,1990-11-21,1960
Temporary It career significant.,Jeremy Mendez,1925-07-06,1941
Temporary We free.,Ryan Brewer,1913-07-08,1997
Temporary Bag discover end.,Catherine Jackson,1960-11-07,1925
Temporary Bank hold.,Robyn Williams,1958-09-22,1995
Temporary If loss what.,Brian Cross,1911-01-01,1947
Temporary Everybody walk my.,Carol Rodriguez,1902-01-23,1958
Temporary Federal onto board.,Brian Meadows,1962-12-02,1997
Temporary Mean physical.,Francisco Graham,1918-11-02,1998
Temporary In apply truth.,Trevor Perry,1903-09-06,1953
